<?xml version="1.0" encoding="UTF-8"?>
<MovsimInitialConditions>
    <RoadInitialConditions id="0">
        <MacroscopicInitialConditions>
            <MacroCondition position="10" density_per_km="100" speed="0" />
        </MacroscopicInitialConditions>
    </RoadInitialConditions>
    <RoadInitialConditions id="-1">
        <MacroscopicInitialConditions>
            <MacroCondition position="10" density_per_km="200" speed="0" />
        </MacroscopicInitialConditions>
    </RoadInitialConditions>
    <RoadInitialConditions id="-2">
        <MacroscopicInitialConditions>
            <MacroCondition position="10" density_per_km="200" speed="0" />
        </MacroscopicInitialConditions>
    </RoadInitialConditions>
    <RoadInitialConditions id="-3">
        <MacroscopicInitialConditions>
            <MacroCondition position="10" density_per_km="370" speed="0" />
        </MacroscopicInitialConditions>
    </RoadInitialConditions>
    <RoadInitialConditions id="-4">
        <MacroscopicInitialConditions>
            <MacroCondition position="10" density_per_km="370" speed="0" />
        </MacroscopicInitialConditions>
    </RoadInitialConditions>
    <RoadInitialConditions id="-5">
        <MacroscopicInitialConditions>
            <MacroCondition position="10" density_per_km="370" speed="0" />
        </MacroscopicInitialConditions>
    </RoadInitialConditions>
    <RoadInitialConditions id="-6">
        <MacroscopicInitialConditions>
            <MacroCondition position="10" density_per_km="370" speed="0" />
        </MacroscopicInitialConditions>
    </RoadInitialConditions>
    <RoadInitialConditions id="-7">
        <MacroscopicInitialConditions>
            <MacroCondition position="10" density_per_km="370" speed="0" />
        </MacroscopicInitialConditions>
    </RoadInitialConditions>
    <RoadInitialConditions id="-8">
        <MacroscopicInitialConditions>
            <MacroCondition position="10" density_per_km="370" speed="0" />
        </MacroscopicInitialConditions>
    </RoadInitialConditions>
    <RoadInitialConditions id="-9">
        <MacroscopicInitialConditions>
            <MacroCondition position="10" density_per_km="390" speed="0" />
        </MacroscopicInitialConditions>
    </RoadInitialConditions>
    <RoadInitialConditions id="-10">
        <MacroscopicInitialConditions>
            <MacroCondition position="10" density_per_km="390" speed="0" />
        </MacroscopicInitialConditions>
    </RoadInitialConditions>
</MovsimInitialConditions>

