<?xml version="1.0" encoding="UTF-8"?>
<!DOCTYPE SCENARIO SYSTEM "multiModelTrafficSimulatorInput.dtd">

<!-- (c) Arne Kesting, Ralph Germ, Martin Budden, Martin Treiber (2012) -->
<SCENARIO network_filename="laneclosure.xodr">
    <VEHICLES>
        <VEHICLE label="ACC1" length="5" b_max="9">
            <LONGITUDINAL_MODEL>
                <ACC v0="35" T="1.2" s0="2" s1="0" delta="4" a="1.2" b="2.0" coolness="1" />
            </LONGITUDINAL_MODEL>
            <LANE_CHANGE_MODEL eur_rules="true" crit_speed_eur="20">
                <MOBIL b_safe="5.0" s_min="2.0" threshold="0.1" bias_right="0.1" politeness="0.1" />
            </LANE_CHANGE_MODEL>
        </VEHICLE>
        <VEHICLE label="ACC2" length="16" b_max="9">
            <LONGITUDINAL_MODEL>
                <ACC v0="25" T="1.5" s0="2" s1="2" delta="4" a="0.8" b="2.0" coolness="1" />
            </LONGITUDINAL_MODEL>
            <LANE_CHANGE_MODEL eur_rules="true" crit_speed_eur="20">
                <MOBIL b_safe="5.0" s_min="2.0" threshold="0.1" bias_right="0.1" politeness="0.1" />
            </LANE_CHANGE_MODEL>
        </VEHICLE>
    </VEHICLES>
    <SIMULATION dt="0.2" duration="72000" fixed_seed="true" seed="42" crash_exit="false">
        <TRAFFIC_COMPOSITION>
            <VEHICLE_TYPE label="ACC1" fraction="0.8" relative_v0_randomization="0.2" />
            <VEHICLE_TYPE label="ACC2" fraction="0.2" relative_v0_randomization="0.2" />
        </TRAFFIC_COMPOSITION>
        <ROAD id="1">
            <INITIAL_CONDITIONS />
            <TRAFFIC_SOURCE logging="false">
                <!-- inflow per lane -->
                <INFLOW t="0" q_per_hour="1400" v="24" />
            </TRAFFIC_SOURCE>
            <SPEED_LIMITS>
                <SPEED_LIMIT x="600" speedlimit_kmh="100" />
                <SPEED_LIMIT x="900" speedlimit_kmh="80" />
                <SPEED_LIMIT x="1200" speedlimit_kmh="130" />
            </SPEED_LIMITS>
            <TRAFFIC_LIGHTS />
            <DETECTORS />
        </ROAD>
        <OUTPUT />
    </SIMULATION>
</SCENARIO>

