<?xml version="1.0" encoding="UTF-8"?>
<MovsimInitialConditions>
    <RoadInitialConditions  id="1">
        <MicroscopicInitialConditions>
            <!-- in physical quantities (meter and m/s) -->
            <VehicleInitialCondition position="7.5" speed="0"/>
            <VehicleInitialCondition position="15.0" speed="0"/>
            <VehicleInitialCondition position="22.5" speed="0"/>
            <VehicleInitialCondition position="30.0" speed="0"/>
            <VehicleInitialCondition position="37.5" speed="0"/>
            <VehicleInitialCondition position="45.0" speed="0"/>
            <VehicleInitialCondition position="52.5" speed="0"/>
            <VehicleInitialCondition position="60.0" speed="0"/>
            <VehicleInitialCondition position="67.5" speed="0"/>
            <VehicleInitialCondition position="75.0" speed="0"/>
            <VehicleInitialCondition position="82.5" speed="0"/>
            <VehicleInitialCondition position="90.0" speed="0"/>
            <VehicleInitialCondition position="97.5" speed="0"/>
            <VehicleInitialCondition position="105.0" speed="0"/>
            <VehicleInitialCondition position="112.5" speed="0"/>
            <VehicleInitialCondition position="120.0" speed="0"/>
            <VehicleInitialCondition position="127.5" speed="0"/>
            <VehicleInitialCondition position="135.0" speed="0"/>
            <VehicleInitialCondition position="142.5" speed="0"/>
            <VehicleInitialCondition position="150.0" speed="0"/>
            <VehicleInitialCondition position="157.5" speed="0"/>
            <VehicleInitialCondition position="165.0" speed="0"/>
            <VehicleInitialCondition position="172.5" speed="0"/>
            <VehicleInitialCondition position="180.0" speed="0"/>
            <VehicleInitialCondition position="187.5" speed="0"/>
            <VehicleInitialCondition position="195.0" speed="0"/>
            <VehicleInitialCondition position="1000" speed="0" label="Obstacle" />
        </MicroscopicInitialConditions>
    </RoadInitialConditions>
</MovsimInitialConditions>

